artist,track,isrc,list,release_date,eligibility,sx_isrc_link,sx_name_link,musicbrainz_link,songview_link,youtube_link,manual_check_notes,estimated_recovery
Latto,Sunday Service (Remix) ft. Megan Thee Stallion & Flo Milli,,Female Rappers,2023-06-02,FULL (2.8yr old),,https://isrc.soundexchange.com/#/search?searchType=name&query=Latto+Sunday+Service,https://musicbrainz.org/search?query=Latto+Sunday+Service&type=recording,https://repertoire.bmi.com/search?title=Sunday+Service&searchIn=songview,https://www.youtube.com/results?search_query=Latto+Sunday+Service+%28Remix%29+ft.+Megan+Thee+Stallion+%26+Flo+Milli,,
Latto,Big Energy (Remix) ft. Mariah Carey & DJ Khaled,,Female Rappers,2024-11-22,FULL (1.3yr old),,https://isrc.soundexchange.com/#/search?searchType=name&query=Latto+Big+Energy,https://musicbrainz.org/search?query=Latto+Big+Energy&type=recording,https://repertoire.bmi.com/search?title=Big+Energy&searchIn=songview,https://www.youtube.com/results?search_query=Latto+Big+Energy+%28Remix%29+ft.+Mariah+Carey+%26+DJ+Khaled,,
Nicki Minaj,FTCU (Remix) ft. Travis Scott Drake & Lil Wayne,,Female Rappers,2023-12-08,FULL (2.3yr old),,https://isrc.soundexchange.com/#/search?searchType=name&query=Nicki+Minaj+FTCU,https://musicbrainz.org/search?query=Nicki+Minaj+FTCU&type=recording,https://repertoire.bmi.com/search?title=FTCU&searchIn=songview,https://www.youtube.com/results?search_query=Nicki+Minaj+FTCU+%28Remix%29+ft.+Travis+Scott+Drake+%26+Lil+Wayne,,
Latto,Sunday Service (Remix) ft. Megan Thee Stallion & Flo Milli,,ATL Remix,2023-06-02,FULL (2.8yr old),,https://isrc.soundexchange.com/#/search?searchType=name&query=Latto+Sunday+Service,https://musicbrainz.org/search?query=Latto+Sunday+Service&type=recording,https://repertoire.bmi.com/search?title=Sunday+Service&searchIn=songview,https://www.youtube.com/results?search_query=Latto+Sunday+Service+%28Remix%29+ft.+Megan+Thee+Stallion+%26+Flo+Milli,,
21 Savage,ICED TEA ft. Project Pat & Coupe,,ATL Remix,2025-07-18,FULL (0.7yr old),,https://isrc.soundexchange.com/#/search?searchType=name&query=21+Savage+ICED+TEA,https://musicbrainz.org/search?query=21+Savage+ICED+TEA&type=recording,https://repertoire.bmi.com/search?title=ICED+TEA&searchIn=songview,https://www.youtube.com/results?search_query=21+Savage+ICED+TEA+ft.+Project+Pat+%26+Coupe,,
Maverick City Music,Promises ft. Joe L Barnes & Naomi Raine,,Gospel/Soul,2019-12-10,PARTIAL (2019),,https://isrc.soundexchange.com/#/search?searchType=name&query=Maverick+City+Music+Promises,https://musicbrainz.org/search?query=Maverick+City+Music+Promises&type=recording,https://repertoire.bmi.com/search?title=Promises&searchIn=songview,https://www.youtube.com/results?search_query=Maverick+City+Music+Promises+ft.+Joe+L+Barnes+%26+Naomi+Raine,,
Maverick City Music,Man of Your Word ft. Chandler Moore & KJ Scriven,,Gospel/Soul,2020-04-17,PARTIAL (2020),,https://isrc.soundexchange.com/#/search?searchType=name&query=Maverick+City+Music+Man+of+Your+Word,https://musicbrainz.org/search?query=Maverick+City+Music+Man+of+Your+Word&type=recording,https://repertoire.bmi.com/search?title=Man+of+Your+Word&searchIn=songview,https://www.youtube.com/results?search_query=Maverick+City+Music+Man+of+Your+Word+ft.+Chandler+Moore+%26+KJ+Scriven,,
Jonathan McReynolds,People,,Gospel/Soul,2020-04-03,PARTIAL (2020),,https://isrc.soundexchange.com/#/search?searchType=name&query=Jonathan+McReynolds+People,https://musicbrainz.org/search?query=Jonathan+McReynolds+People&type=recording,https://repertoire.bmi.com/search?title=People&searchIn=songview,https://www.youtube.com/results?search_query=Jonathan+McReynolds+People,,
GloRilla,Tomorrow 2 ft. Cardi B,,Female Rappers,,UNKNOWN,,https://isrc.soundexchange.com/#/search?searchType=name&query=GloRilla+Tomorrow+2,https://musicbrainz.org/search?query=GloRilla+Tomorrow+2&type=recording,https://repertoire.bmi.com/search?title=Tomorrow+2&searchIn=songview,https://www.youtube.com/results?search_query=GloRilla+Tomorrow+2+ft.+Cardi+B,,
GloRilla,Blessed ft. Offset,,Female Rappers,,UNKNOWN,,https://isrc.soundexchange.com/#/search?searchType=name&query=GloRilla+Blessed,https://musicbrainz.org/search?query=GloRilla+Blessed&type=recording,https://repertoire.bmi.com/search?title=Blessed&searchIn=songview,https://www.youtube.com/results?search_query=GloRilla+Blessed+ft.+Offset,,
GloRilla,Wanna Be ft. Megan Thee Stallion,,Female Rappers,,UNKNOWN,,https://isrc.soundexchange.com/#/search?searchType=name&query=GloRilla+Wanna+Be,https://musicbrainz.org/search?query=GloRilla+Wanna+Be&type=recording,https://repertoire.bmi.com/search?title=Wanna+Be&searchIn=songview,https://www.youtube.com/results?search_query=GloRilla+Wanna+Be+ft.+Megan+Thee+Stallion,,
GloRilla,F.N.F. (Let's Go) (Remix) ft. Latto,,Female Rappers,,UNKNOWN,,https://isrc.soundexchange.com/#/search?searchType=name&query=GloRilla+F.N.F.,https://musicbrainz.org/search?query=GloRilla+F.N.F.&type=recording,https://repertoire.bmi.com/search?title=F.N.F.&searchIn=songview,https://www.youtube.com/results?search_query=GloRilla+F.N.F.+%28Let%27s+Go%29+%28Remix%29+ft.+Latto,,
GloRilla,Never Lose Me (Remix) ft. Flo Milli,,Female Rappers,,UNKNOWN,,https://isrc.soundexchange.com/#/search?searchType=name&query=GloRilla+Never+Lose+Me,https://musicbrainz.org/search?query=GloRilla+Never+Lose+Me&type=recording,https://repertoire.bmi.com/search?title=Never+Lose+Me&searchIn=songview,https://www.youtube.com/results?search_query=GloRilla+Never+Lose+Me+%28Remix%29+ft.+Flo+Milli,,
Anycia,do it 4 the gram (remix),,Female Rappers,,UNKNOWN,,https://isrc.soundexchange.com/#/search?searchType=name&query=Anycia+do+it+4+the+gram,https://musicbrainz.org/search?query=Anycia+do+it+4+the+gram&type=recording,https://repertoire.bmi.com/search?title=do+it+4+the+gram&searchIn=songview,https://www.youtube.com/results?search_query=Anycia+do+it+4+the+gram+%28remix%29,,
Anycia,On My Mama ft. GloRilla,,Female Rappers,,UNKNOWN,,https://isrc.soundexchange.com/#/search?searchType=name&query=Anycia+On+My+Mama,https://musicbrainz.org/search?query=Anycia+On+My+Mama&type=recording,https://repertoire.bmi.com/search?title=On+My+Mama&searchIn=songview,https://www.youtube.com/results?search_query=Anycia+On+My+Mama+ft.+GloRilla,,
KARRAHBOOO,Say Sum (Remix),,Female Rappers,,UNKNOWN,,https://isrc.soundexchange.com/#/search?searchType=name&query=KARRAHBOOO+Say+Sum,https://musicbrainz.org/search?query=KARRAHBOOO+Say+Sum&type=recording,https://repertoire.bmi.com/search?title=Say+Sum&searchIn=songview,https://www.youtube.com/results?search_query=KARRAHBOOO+Say+Sum+%28Remix%29,,
KARRAHBOOO,Eenie Meenie ft. GloRilla,,Female Rappers,,UNKNOWN,,https://isrc.soundexchange.com/#/search?searchType=name&query=KARRAHBOOO+Eenie+Meenie,https://musicbrainz.org/search?query=KARRAHBOOO+Eenie+Meenie&type=recording,https://repertoire.bmi.com/search?title=Eenie+Meenie&searchIn=songview,https://www.youtube.com/results?search_query=KARRAHBOOO+Eenie+Meenie+ft.+GloRilla,,
Doechii,What It Is (Block Boy) ft. Kodak Black,,Female Rappers,,UNKNOWN,,https://isrc.soundexchange.com/#/search?searchType=name&query=Doechii+What+It+Is,https://musicbrainz.org/search?query=Doechii+What+It+Is&type=recording,https://repertoire.bmi.com/search?title=What+It+Is&searchIn=songview,https://www.youtube.com/results?search_query=Doechii+What+It+Is+%28Block+Boy%29+ft.+Kodak+Black,,
Sexyy Red,Pound Town 2 ft. Nicki Minaj & Tay Keith,,Female Rappers,,UNKNOWN,,https://isrc.soundexchange.com/#/search?searchType=name&query=Sexyy+Red+Pound+Town+2,https://musicbrainz.org/search?query=Sexyy+Red+Pound+Town+2&type=recording,https://repertoire.bmi.com/search?title=Pound+Town+2&searchIn=songview,https://www.youtube.com/results?search_query=Sexyy+Red+Pound+Town+2+ft.+Nicki+Minaj+%26+Tay+Keith,,
Sexyy Red,U My Everything ft. SZA,,Female Rappers,,UNKNOWN,,https://isrc.soundexchange.com/#/search?searchType=name&query=Sexyy+Red+U+My+Everything,https://musicbrainz.org/search?query=Sexyy+Red+U+My+Everything&type=recording,https://repertoire.bmi.com/search?title=U+My+Everything&searchIn=songview,https://www.youtube.com/results?search_query=Sexyy+Red+U+My+Everything+ft.+SZA,,
Sexyy Red,Shake Dat Ass ft. Tay Keith,,Female Rappers,,UNKNOWN,,https://isrc.soundexchange.com/#/search?searchType=name&query=Sexyy+Red+Shake+Dat+Ass,https://musicbrainz.org/search?query=Sexyy+Red+Shake+Dat+Ass&type=recording,https://repertoire.bmi.com/search?title=Shake+Dat+Ass&searchIn=songview,https://www.youtube.com/results?search_query=Sexyy+Red+Shake+Dat+Ass+ft.+Tay+Keith,,
Ice Spice,Barbie World ft. Nicki Minaj & Aqua,,Female Rappers,,UNKNOWN,,https://isrc.soundexchange.com/#/search?searchType=name&query=Ice+Spice+Barbie+World,https://musicbrainz.org/search?query=Ice+Spice+Barbie+World&type=recording,https://repertoire.bmi.com/search?title=Barbie+World&searchIn=songview,https://www.youtube.com/results?search_query=Ice+Spice+Barbie+World+ft.+Nicki+Minaj+%26+Aqua,,
Ice Spice,Boy's a Liar Pt. 2 ft. PinkPantheress,,Female Rappers,,UNKNOWN,,https://isrc.soundexchange.com/#/search?searchType=name&query=Ice+Spice+Boy%27s+a+Liar+Pt.+2,https://musicbrainz.org/search?query=Ice+Spice+Boy%27s+a+Liar+Pt.+2&type=recording,https://repertoire.bmi.com/search?title=Boy%27s+a+Liar+Pt.+2&searchIn=songview,https://www.youtube.com/results?search_query=Ice+Spice+Boy%27s+a+Liar+Pt.+2+ft.+PinkPantheress,,
Ice Spice,Think U the Best,,Female Rappers,,UNKNOWN,,https://isrc.soundexchange.com/#/search?searchType=name&query=Ice+Spice+Think+U+the+Best,https://musicbrainz.org/search?query=Ice+Spice+Think+U+the+Best&type=recording,https://repertoire.bmi.com/search?title=Think+U+the+Best&searchIn=songview,https://www.youtube.com/results?search_query=Ice+Spice+Think+U+the+Best,,
Ice Spice,Princess Diana ft. Nicki Minaj,,Female Rappers,,UNKNOWN,,https://isrc.soundexchange.com/#/search?searchType=name&query=Ice+Spice+Princess+Diana,https://musicbrainz.org/search?query=Ice+Spice+Princess+Diana&type=recording,https://repertoire.bmi.com/search?title=Princess+Diana&searchIn=songview,https://www.youtube.com/results?search_query=Ice+Spice+Princess+Diana+ft.+Nicki+Minaj,,
Flo Milli,Fruit Punch,,Female Rappers,,UNKNOWN,,https://isrc.soundexchange.com/#/search?searchType=name&query=Flo+Milli+Fruit+Punch,https://musicbrainz.org/search?query=Flo+Milli+Fruit+Punch&type=recording,https://repertoire.bmi.com/search?title=Fruit+Punch&searchIn=songview,https://www.youtube.com/results?search_query=Flo+Milli+Fruit+Punch,,
Flo Milli,Never Lose Me (Remix) ft. GloRilla,,Female Rappers,,UNKNOWN,,https://isrc.soundexchange.com/#/search?searchType=name&query=Flo+Milli+Never+Lose+Me,https://musicbrainz.org/search?query=Flo+Milli+Never+Lose+Me&type=recording,https://repertoire.bmi.com/search?title=Never+Lose+Me&searchIn=songview,https://www.youtube.com/results?search_query=Flo+Milli+Never+Lose+Me+%28Remix%29+ft.+GloRilla,,
Flo Milli,Send It (Remix),,Female Rappers,,UNKNOWN,,https://isrc.soundexchange.com/#/search?searchType=name&query=Flo+Milli+Send+It,https://musicbrainz.org/search?query=Flo+Milli+Send+It&type=recording,https://repertoire.bmi.com/search?title=Send+It&searchIn=songview,https://www.youtube.com/results?search_query=Flo+Milli+Send+It+%28Remix%29,,
Flo Milli,PBC ft. BRS Kash,,Female Rappers,,UNKNOWN,,https://isrc.soundexchange.com/#/search?searchType=name&query=Flo+Milli+PBC,https://musicbrainz.org/search?query=Flo+Milli+PBC&type=recording,https://repertoire.bmi.com/search?title=PBC&searchIn=songview,https://www.youtube.com/results?search_query=Flo+Milli+PBC+ft.+BRS+Kash,,
BabyDrill,ISSA PARTY ft. Latto,,Female Rappers,,UNKNOWN,,https://isrc.soundexchange.com/#/search?searchType=name&query=BabyDrill+ISSA+PARTY,https://musicbrainz.org/search?query=BabyDrill+ISSA+PARTY&type=recording,https://repertoire.bmi.com/search?title=ISSA+PARTY&searchIn=songview,https://www.youtube.com/results?search_query=BabyDrill+ISSA+PARTY+ft.+Latto,,
Monaleo,Here We Go,,Female Rappers,,UNKNOWN,,https://isrc.soundexchange.com/#/search?searchType=name&query=Monaleo+Here+We+Go,https://musicbrainz.org/search?query=Monaleo+Here+We+Go&type=recording,https://repertoire.bmi.com/search?title=Here+We+Go&searchIn=songview,https://www.youtube.com/results?search_query=Monaleo+Here+We+Go,,
Doja Cat,Agora Hills (Remix) ft. Nicki Minaj,USRC12302416,Female Rappers,,UNKNOWN,https://isrc.soundexchange.com/#/search?searchType=code&query=USRC12302416,https://isrc.soundexchange.com/#/search?searchType=name&query=Doja+Cat+Agora+Hills,https://musicbrainz.org/isrc/USRC12302416,https://repertoire.bmi.com/search?title=Agora+Hills&searchIn=songview,https://www.youtube.com/results?search_query=Doja+Cat+Agora+Hills+%28Remix%29+ft.+Nicki+Minaj,,
Doja Cat,97 (Remix) ft. Doechii,,Female Rappers,,UNKNOWN,,https://isrc.soundexchange.com/#/search?searchType=name&query=Doja+Cat+97,https://musicbrainz.org/search?query=Doja+Cat+97&type=recording,https://repertoire.bmi.com/search?title=97&searchIn=songview,https://www.youtube.com/results?search_query=Doja+Cat+97+%28Remix%29+ft.+Doechii,,
Doja Cat,MOOO! (Remix),,Female Rappers,,UNKNOWN,,https://isrc.soundexchange.com/#/search?searchType=name&query=Doja+Cat+MOOO%21,https://musicbrainz.org/search?query=Doja+Cat+MOOO%21&type=recording,https://repertoire.bmi.com/search?title=MOOO%21&searchIn=songview,https://www.youtube.com/results?search_query=Doja+Cat+MOOO%21+%28Remix%29,,
Doja Cat,Bottom Bitch ft. Bree Runway,,Female Rappers,,UNKNOWN,,https://isrc.soundexchange.com/#/search?searchType=name&query=Doja+Cat+Bottom+Bitch,https://musicbrainz.org/search?query=Doja+Cat+Bottom+Bitch&type=recording,https://repertoire.bmi.com/search?title=Bottom+Bitch&searchIn=songview,https://www.youtube.com/results?search_query=Doja+Cat+Bottom+Bitch+ft.+Bree+Runway,,
Latto,Lottery (Remix) ft. Cardi B,,Female Rappers,,UNKNOWN,,https://isrc.soundexchange.com/#/search?searchType=name&query=Latto+Lottery,https://musicbrainz.org/search?query=Latto+Lottery&type=recording,https://repertoire.bmi.com/search?title=Lottery&searchIn=songview,https://www.youtube.com/results?search_query=Latto+Lottery+%28Remix%29+ft.+Cardi+B,,
Cardi B,Tomorrow 2 (Remix) ft. GloRilla,,Female Rappers,,UNKNOWN,,https://isrc.soundexchange.com/#/search?searchType=name&query=Cardi+B+Tomorrow+2,https://musicbrainz.org/search?query=Cardi+B+Tomorrow+2&type=recording,https://repertoire.bmi.com/search?title=Tomorrow+2&searchIn=songview,https://www.youtube.com/results?search_query=Cardi+B+Tomorrow+2+%28Remix%29+ft.+GloRilla,,
Megan Thee Stallion,Caramel Latte,,Female Rappers,,UNKNOWN,,https://isrc.soundexchange.com/#/search?searchType=name&query=Megan+Thee+Stallion+Caramel+Latte,https://musicbrainz.org/search?query=Megan+Thee+Stallion+Caramel+Latte&type=recording,https://repertoire.bmi.com/search?title=Caramel+Latte&searchIn=songview,https://www.youtube.com/results?search_query=Megan+Thee+Stallion+Caramel+Latte,,
Nicki Minaj,Super Freaky Girl (Remix) ft. BIA,,Female Rappers,,UNKNOWN,,https://isrc.soundexchange.com/#/search?searchType=name&query=Nicki+Minaj+Super+Freaky+Girl,https://musicbrainz.org/search?query=Nicki+Minaj+Super+Freaky+Girl&type=recording,https://repertoire.bmi.com/search?title=Super+Freaky+Girl&searchIn=songview,https://www.youtube.com/results?search_query=Nicki+Minaj+Super+Freaky+Girl+%28Remix%29+ft.+BIA,,
Nicki Minaj,Needle ft. Drake,,Female Rappers,,UNKNOWN,,https://isrc.soundexchange.com/#/search?searchType=name&query=Nicki+Minaj+Needle,https://musicbrainz.org/search?query=Nicki+Minaj+Needle&type=recording,https://repertoire.bmi.com/search?title=Needle&searchIn=songview,https://www.youtube.com/results?search_query=Nicki+Minaj+Needle+ft.+Drake,,
BIA,BESITO ft. Russ,,Female Rappers,,UNKNOWN,,https://isrc.soundexchange.com/#/search?searchType=name&query=BIA+BESITO,https://musicbrainz.org/search?query=BIA+BESITO&type=recording,https://repertoire.bmi.com/search?title=BESITO&searchIn=songview,https://www.youtube.com/results?search_query=BIA+BESITO+ft.+Russ,,
Kali,Are You With That ft. GloRilla,,Female Rappers,,UNKNOWN,,https://isrc.soundexchange.com/#/search?searchType=name&query=Kali+Are+You+With+That,https://musicbrainz.org/search?query=Kali+Are+You+With+That&type=recording,https://repertoire.bmi.com/search?title=Are+You+With+That&searchIn=songview,https://www.youtube.com/results?search_query=Kali+Are+You+With+That+ft.+GloRilla,,
Kali,Coming Home (Remix),,Female Rappers,,UNKNOWN,,https://isrc.soundexchange.com/#/search?searchType=name&query=Kali+Coming+Home,https://musicbrainz.org/search?query=Kali+Coming+Home&type=recording,https://repertoire.bmi.com/search?title=Coming+Home&searchIn=songview,https://www.youtube.com/results?search_query=Kali+Coming+Home+%28Remix%29,,
Yung Miami,Toot Toot ft. Latto,,Female Rappers,,UNKNOWN,,https://isrc.soundexchange.com/#/search?searchType=name&query=Yung+Miami+Toot+Toot,https://musicbrainz.org/search?query=Yung+Miami+Toot+Toot&type=recording,https://repertoire.bmi.com/search?title=Toot+Toot&searchIn=songview,https://www.youtube.com/results?search_query=Yung+Miami+Toot+Toot+ft.+Latto,,
Yung Miami,Praising Him ft. Kodak Black,,Female Rappers,,UNKNOWN,,https://isrc.soundexchange.com/#/search?searchType=name&query=Yung+Miami+Praising+Him,https://musicbrainz.org/search?query=Yung+Miami+Praising+Him&type=recording,https://repertoire.bmi.com/search?title=Praising+Him&searchIn=songview,https://www.youtube.com/results?search_query=Yung+Miami+Praising+Him+ft.+Kodak+Black,,
Cuban Doll,Bankrupt (Remix),,Female Rappers,,UNKNOWN,,https://isrc.soundexchange.com/#/search?searchType=name&query=Cuban+Doll+Bankrupt,https://musicbrainz.org/search?query=Cuban+Doll+Bankrupt&type=recording,https://repertoire.bmi.com/search?title=Bankrupt&searchIn=songview,https://www.youtube.com/results?search_query=Cuban+Doll+Bankrupt+%28Remix%29,,
Cuban Doll,Pull Up (Remix) ft. K. Michelle,,Female Rappers,,UNKNOWN,,https://isrc.soundexchange.com/#/search?searchType=name&query=Cuban+Doll+Pull+Up,https://musicbrainz.org/search?query=Cuban+Doll+Pull+Up&type=recording,https://repertoire.bmi.com/search?title=Pull+Up&searchIn=songview,https://www.youtube.com/results?search_query=Cuban+Doll+Pull+Up+%28Remix%29+ft.+K.+Michelle,,
JT (City Girls),Do We Have A Problem ft. Nicki Minaj,,Female Rappers,,UNKNOWN,,https://isrc.soundexchange.com/#/search?searchType=name&query=JT+%28City+Girls%29+Do+We+Have+A+Problem,https://musicbrainz.org/search?query=JT+%28City+Girls%29+Do+We+Have+A+Problem&type=recording,https://repertoire.bmi.com/search?title=Do+We+Have+A+Problem&searchIn=songview,https://www.youtube.com/results?search_query=JT+%28City+Girls%29+Do+We+Have+A+Problem+ft.+Nicki+Minaj,,
Maliibu Miitch,Bad Girls Club (Remix),,Female Rappers,,UNKNOWN,,https://isrc.soundexchange.com/#/search?searchType=name&query=Maliibu+Miitch+Bad+Girls+Club,https://musicbrainz.org/search?query=Maliibu+Miitch+Bad+Girls+Club&type=recording,https://repertoire.bmi.com/search?title=Bad+Girls+Club&searchIn=songview,https://www.youtube.com/results?search_query=Maliibu+Miitch+Bad+Girls+Club+%28Remix%29,,
Maliibu Miitch,OMG ft. Babyface Ray,,Female Rappers,,UNKNOWN,,https://isrc.soundexchange.com/#/search?searchType=name&query=Maliibu+Miitch+OMG,https://musicbrainz.org/search?query=Maliibu+Miitch+OMG&type=recording,https://repertoire.bmi.com/search?title=OMG&searchIn=songview,https://www.youtube.com/results?search_query=Maliibu+Miitch+OMG+ft.+Babyface+Ray,,
YKNIECE,Too Fly ft. Hunxho,,Female Rappers,,UNKNOWN,,https://isrc.soundexchange.com/#/search?searchType=name&query=YKNIECE+Too+Fly,https://musicbrainz.org/search?query=YKNIECE+Too+Fly&type=recording,https://repertoire.bmi.com/search?title=Too+Fly&searchIn=songview,https://www.youtube.com/results?search_query=YKNIECE+Too+Fly+ft.+Hunxho,,
YKNIECE,All The Way Up (Remix),,Female Rappers,,UNKNOWN,,https://isrc.soundexchange.com/#/search?searchType=name&query=YKNIECE+All+The+Way+Up,https://musicbrainz.org/search?query=YKNIECE+All+The+Way+Up&type=recording,https://repertoire.bmi.com/search?title=All+The+Way+Up&searchIn=songview,https://www.youtube.com/results?search_query=YKNIECE+All+The+Way+Up+%28Remix%29,,
Yaya Boo,Off Rip (Remix),,Female Rappers,,UNKNOWN,,https://isrc.soundexchange.com/#/search?searchType=name&query=Yaya+Boo+Off+Rip,https://musicbrainz.org/search?query=Yaya+Boo+Off+Rip&type=recording,https://repertoire.bmi.com/search?title=Off+Rip&searchIn=songview,https://www.youtube.com/results?search_query=Yaya+Boo+Off+Rip+%28Remix%29,,
Bossy Envy,Pull Up (Remix),,Female Rappers,,UNKNOWN,,https://isrc.soundexchange.com/#/search?searchType=name&query=Bossy+Envy+Pull+Up,https://musicbrainz.org/search?query=Bossy+Envy+Pull+Up&type=recording,https://repertoire.bmi.com/search?title=Pull+Up&searchIn=songview,https://www.youtube.com/results?search_query=Bossy+Envy+Pull+Up+%28Remix%29,,
Latto,Housekeeping Knows (ft. Latto),,ATL Remix,,UNKNOWN,,https://isrc.soundexchange.com/#/search?searchType=name&query=Latto+Housekeeping+Knows,https://musicbrainz.org/search?query=Latto+Housekeeping+Knows&type=recording,https://repertoire.bmi.com/search?title=Housekeeping+Knows&searchIn=songview,https://www.youtube.com/results?search_query=Latto+Housekeeping+Knows+%28ft.+Latto%29,,
Future,Like That (Remix),,ATL Remix,,UNKNOWN,,https://isrc.soundexchange.com/#/search?searchType=name&query=Future+Like+That,https://musicbrainz.org/search?query=Future+Like+That&type=recording,https://repertoire.bmi.com/search?title=Like+That&searchIn=songview,https://www.youtube.com/results?search_query=Future+Like+That+%28Remix%29,,
Future,WAIT FOR U (Remix),,ATL Remix,,UNKNOWN,,https://isrc.soundexchange.com/#/search?searchType=name&query=Future+WAIT+FOR+U,https://musicbrainz.org/search?query=Future+WAIT+FOR+U&type=recording,https://repertoire.bmi.com/search?title=WAIT+FOR+U&searchIn=songview,https://www.youtube.com/results?search_query=Future+WAIT+FOR+U+%28Remix%29,,
Gunna,wgft (Remix) ft. Burna Boy,,ATL Remix,,UNKNOWN,,https://isrc.soundexchange.com/#/search?searchType=name&query=Gunna+wgft,https://musicbrainz.org/search?query=Gunna+wgft&type=recording,https://repertoire.bmi.com/search?title=wgft&searchIn=songview,https://www.youtube.com/results?search_query=Gunna+wgft+%28Remix%29+ft.+Burna+Boy,,
Anycia,do it 4 the gram (remix),,ATL Remix,,UNKNOWN,,https://isrc.soundexchange.com/#/search?searchType=name&query=Anycia+do+it+4+the+gram,https://musicbrainz.org/search?query=Anycia+do+it+4+the+gram&type=recording,https://repertoire.bmi.com/search?title=do+it+4+the+gram&searchIn=songview,https://www.youtube.com/results?search_query=Anycia+do+it+4+the+gram+%28remix%29,,
MazziOmerta,Ramadan (feat. Hunxho),,ATL Remix,,UNKNOWN,,https://isrc.soundexchange.com/#/search?searchType=name&query=MazziOmerta+Ramadan,https://musicbrainz.org/search?query=MazziOmerta+Ramadan&type=recording,https://repertoire.bmi.com/search?title=Ramadan&searchIn=songview,https://www.youtube.com/results?search_query=MazziOmerta+Ramadan+%28feat.+Hunxho%29,,
Central Cee,BAND4BAND ft. Lil Baby,,ATL Remix,,UNKNOWN,,https://isrc.soundexchange.com/#/search?searchType=name&query=Central+Cee+BAND4BAND,https://musicbrainz.org/search?query=Central+Cee+BAND4BAND&type=recording,https://repertoire.bmi.com/search?title=BAND4BAND&searchIn=songview,https://www.youtube.com/results?search_query=Central+Cee+BAND4BAND+ft.+Lil+Baby,,
Tkandz,NOW OR NEVER II ft. Lil Baby,,ATL Remix,,UNKNOWN,,https://isrc.soundexchange.com/#/search?searchType=name&query=Tkandz+NOW+OR+NEVER+II,https://musicbrainz.org/search?query=Tkandz+NOW+OR+NEVER+II&type=recording,https://repertoire.bmi.com/search?title=NOW+OR+NEVER+II&searchIn=songview,https://www.youtube.com/results?search_query=Tkandz+NOW+OR+NEVER+II+ft.+Lil+Baby,,
Lil Baby,Plenty ft. YFN Lucci,,ATL Remix,,UNKNOWN,,https://isrc.soundexchange.com/#/search?searchType=name&query=Lil+Baby+Plenty,https://musicbrainz.org/search?query=Lil+Baby+Plenty&type=recording,https://repertoire.bmi.com/search?title=Plenty&searchIn=songview,https://www.youtube.com/results?search_query=Lil+Baby+Plenty+ft.+YFN+Lucci,,
Lil Baby,WHAM,,ATL Remix,,UNKNOWN,,https://isrc.soundexchange.com/#/search?searchType=name&query=Lil+Baby+WHAM,https://musicbrainz.org/search?query=Lil+Baby+WHAM&type=recording,https://repertoire.bmi.com/search?title=WHAM&searchIn=songview,https://www.youtube.com/results?search_query=Lil+Baby+WHAM,,
Meek Mill,Level Up One Time Remix ft. Young Thug,,ATL Remix,,UNKNOWN,,https://isrc.soundexchange.com/#/search?searchType=name&query=Meek+Mill+Level+Up+One+Time+Remix,https://musicbrainz.org/search?query=Meek+Mill+Level+Up+One+Time+Remix&type=recording,https://repertoire.bmi.com/search?title=Level+Up+One+Time+Remix&searchIn=songview,https://www.youtube.com/results?search_query=Meek+Mill+Level+Up+One+Time+Remix+ft.+Young+Thug,,
USHER,A-Town Girl (feat. Latto),,ATL Remix,,UNKNOWN,,https://isrc.soundexchange.com/#/search?searchType=name&query=USHER+A-Town+Girl,https://musicbrainz.org/search?query=USHER+A-Town+Girl&type=recording,https://repertoire.bmi.com/search?title=A-Town+Girl&searchIn=songview,https://www.youtube.com/results?search_query=USHER+A-Town+Girl+%28feat.+Latto%29,,
Doja Cat,Agora Hills (Remix) ft. Nicki Minaj,,ATL Remix,,UNKNOWN,,https://isrc.soundexchange.com/#/search?searchType=name&query=Doja+Cat+Agora+Hills,https://musicbrainz.org/search?query=Doja+Cat+Agora+Hills&type=recording,https://repertoire.bmi.com/search?title=Agora+Hills&searchIn=songview,https://www.youtube.com/results?search_query=Doja+Cat+Agora+Hills+%28Remix%29+ft.+Nicki+Minaj,,
Kirk Franklin,Just for Me (Remix) ft. Lil Baby,,Gospel/Soul,,UNKNOWN,,https://isrc.soundexchange.com/#/search?searchType=name&query=Kirk+Franklin+Just+for+Me,https://musicbrainz.org/search?query=Kirk+Franklin+Just+for+Me&type=recording,https://repertoire.bmi.com/search?title=Just+for+Me&searchIn=songview,https://www.youtube.com/results?search_query=Kirk+Franklin+Just+for+Me+%28Remix%29+ft.+Lil+Baby,,
Kirk Franklin,My Life Is in Your Hands (Remix),,Gospel/Soul,,UNKNOWN,,https://isrc.soundexchange.com/#/search?searchType=name&query=Kirk+Franklin+My+Life+Is+in+Your+Hands,https://musicbrainz.org/search?query=Kirk+Franklin+My+Life+Is+in+Your+Hands&type=recording,https://repertoire.bmi.com/search?title=My+Life+Is+in+Your+Hands&searchIn=songview,https://www.youtube.com/results?search_query=Kirk+Franklin+My+Life+Is+in+Your+Hands+%28Remix%29,,
Kirk Franklin,Revolution (Remix) ft. Ledisi,,Gospel/Soul,,UNKNOWN,,https://isrc.soundexchange.com/#/search?searchType=name&query=Kirk+Franklin+Revolution,https://musicbrainz.org/search?query=Kirk+Franklin+Revolution&type=recording,https://repertoire.bmi.com/search?title=Revolution&searchIn=songview,https://www.youtube.com/results?search_query=Kirk+Franklin+Revolution+%28Remix%29+ft.+Ledisi,,
Kirk Franklin,Wanna Be Happy (Remix),,Gospel/Soul,,UNKNOWN,,https://isrc.soundexchange.com/#/search?searchType=name&query=Kirk+Franklin+Wanna+Be+Happy,https://musicbrainz.org/search?query=Kirk+Franklin+Wanna+Be+Happy&type=recording,https://repertoire.bmi.com/search?title=Wanna+Be+Happy&searchIn=songview,https://www.youtube.com/results?search_query=Kirk+Franklin+Wanna+Be+Happy+%28Remix%29,,
Tasha Cobbs Leonard,You Know My Name ft. Jimi Cravity,,Gospel/Soul,,UNKNOWN,,https://isrc.soundexchange.com/#/search?searchType=name&query=Tasha+Cobbs+Leonard+You+Know+My+Name,https://musicbrainz.org/search?query=Tasha+Cobbs+Leonard+You+Know+My+Name&type=recording,https://repertoire.bmi.com/search?title=You+Know+My+Name&searchIn=songview,https://www.youtube.com/results?search_query=Tasha+Cobbs+Leonard+You+Know+My+Name+ft.+Jimi+Cravity,,
Tasha Cobbs Leonard,This Is a Move ft. Bethel Music,,Gospel/Soul,,UNKNOWN,,https://isrc.soundexchange.com/#/search?searchType=name&query=Tasha+Cobbs+Leonard+This+Is+a+Move,https://musicbrainz.org/search?query=Tasha+Cobbs+Leonard+This+Is+a+Move&type=recording,https://repertoire.bmi.com/search?title=This+Is+a+Move&searchIn=songview,https://www.youtube.com/results?search_query=Tasha+Cobbs+Leonard+This+Is+a+Move+ft.+Bethel+Music,,
Tasha Cobbs Leonard,Fill Me Up / Overflow (Live) (Remix),,Gospel/Soul,,UNKNOWN,,https://isrc.soundexchange.com/#/search?searchType=name&query=Tasha+Cobbs+Leonard+Fill+Me+Up+%2F+Overflow,https://musicbrainz.org/search?query=Tasha+Cobbs+Leonard+Fill+Me+Up+%2F+Overflow&type=recording,https://repertoire.bmi.com/search?title=Fill+Me+Up+%2F+Overflow&searchIn=songview,https://www.youtube.com/results?search_query=Tasha+Cobbs+Leonard+Fill+Me+Up+%2F+Overflow+%28Live%29+%28Remix%29,,
Tasha Cobbs Leonard,Goodness of God ft. Jenn Johnson,,Gospel/Soul,,UNKNOWN,,https://isrc.soundexchange.com/#/search?searchType=name&query=Tasha+Cobbs+Leonard+Goodness+of+God,https://musicbrainz.org/search?query=Tasha+Cobbs+Leonard+Goodness+of+God&type=recording,https://repertoire.bmi.com/search?title=Goodness+of+God&searchIn=songview,https://www.youtube.com/results?search_query=Tasha+Cobbs+Leonard+Goodness+of+God+ft.+Jenn+Johnson,,
Tasha Cobbs Leonard,Put a Praise on It ft. Kierra Sheard,,Gospel/Soul,,UNKNOWN,,https://isrc.soundexchange.com/#/search?searchType=name&query=Tasha+Cobbs+Leonard+Put+a+Praise+on+It,https://musicbrainz.org/search?query=Tasha+Cobbs+Leonard+Put+a+Praise+on+It&type=recording,https://repertoire.bmi.com/search?title=Put+a+Praise+on+It&searchIn=songview,https://www.youtube.com/results?search_query=Tasha+Cobbs+Leonard+Put+a+Praise+on+It+ft.+Kierra+Sheard,,
Maverick City Music,Jireh ft. Elevation Worship,,Gospel/Soul,,UNKNOWN,,https://isrc.soundexchange.com/#/search?searchType=name&query=Maverick+City+Music+Jireh,https://musicbrainz.org/search?query=Maverick+City+Music+Jireh&type=recording,https://repertoire.bmi.com/search?title=Jireh&searchIn=songview,https://www.youtube.com/results?search_query=Maverick+City+Music+Jireh+ft.+Elevation+Worship,,
Maverick City Music,Hosanna (Praise Is Rising) (Remix),,Gospel/Soul,,UNKNOWN,,https://isrc.soundexchange.com/#/search?searchType=name&query=Maverick+City+Music+Hosanna,https://musicbrainz.org/search?query=Maverick+City+Music+Hosanna&type=recording,https://repertoire.bmi.com/search?title=Hosanna&searchIn=songview,https://www.youtube.com/results?search_query=Maverick+City+Music+Hosanna+%28Praise+Is+Rising%29+%28Remix%29,,
Maverick City Music,Talking to Jesus ft. Elevation Worship,,Gospel/Soul,,UNKNOWN,,https://isrc.soundexchange.com/#/search?searchType=name&query=Maverick+City+Music+Talking+to+Jesus,https://musicbrainz.org/search?query=Maverick+City+Music+Talking+to+Jesus&type=recording,https://repertoire.bmi.com/search?title=Talking+to+Jesus&searchIn=songview,https://www.youtube.com/results?search_query=Maverick+City+Music+Talking+to+Jesus+ft.+Elevation+Worship,,
Elevation Worship,O Come to the Altar (Remix),,Gospel/Soul,,UNKNOWN,,https://isrc.soundexchange.com/#/search?searchType=name&query=Elevation+Worship+O+Come+to+the+Altar,https://musicbrainz.org/search?query=Elevation+Worship+O+Come+to+the+Altar&type=recording,https://repertoire.bmi.com/search?title=O+Come+to+the+Altar&searchIn=songview,https://www.youtube.com/results?search_query=Elevation+Worship+O+Come+to+the+Altar+%28Remix%29,,
Elevation Worship,Do It Again (Remix) ft. Tauren Wells,,Gospel/Soul,,UNKNOWN,,https://isrc.soundexchange.com/#/search?searchType=name&query=Elevation+Worship+Do+It+Again,https://musicbrainz.org/search?query=Elevation+Worship+Do+It+Again&type=recording,https://repertoire.bmi.com/search?title=Do+It+Again&searchIn=songview,https://www.youtube.com/results?search_query=Elevation+Worship+Do+It+Again+%28Remix%29+ft.+Tauren+Wells,,
Elevation Worship,Worthy (Remix),,Gospel/Soul,,UNKNOWN,,https://isrc.soundexchange.com/#/search?searchType=name&query=Elevation+Worship+Worthy,https://musicbrainz.org/search?query=Elevation+Worship+Worthy&type=recording,https://repertoire.bmi.com/search?title=Worthy&searchIn=songview,https://www.youtube.com/results?search_query=Elevation+Worship+Worthy+%28Remix%29,,
Lecrae,Blessings ft. Andy Mineo,,Gospel/Soul,,UNKNOWN,,https://isrc.soundexchange.com/#/search?searchType=name&query=Lecrae+Blessings,https://musicbrainz.org/search?query=Lecrae+Blessings&type=recording,https://repertoire.bmi.com/search?title=Blessings&searchIn=songview,https://www.youtube.com/results?search_query=Lecrae+Blessings+ft.+Andy+Mineo,,
Lecrae,Andy Mineo All I Need Is You (Remix) ft. Lecrae,,Gospel/Soul,,UNKNOWN,,https://isrc.soundexchange.com/#/search?searchType=name&query=Lecrae+Andy+Mineo+All+I+Need+Is+You,https://musicbrainz.org/search?query=Lecrae+Andy+Mineo+All+I+Need+Is+You&type=recording,https://repertoire.bmi.com/search?title=Andy+Mineo+All+I+Need+Is+You&searchIn=songview,https://www.youtube.com/results?search_query=Lecrae+Andy+Mineo+All+I+Need+Is+You+%28Remix%29+ft.+Lecrae,,
Lecrae,Telling the World (Remix),,Gospel/Soul,,UNKNOWN,,https://isrc.soundexchange.com/#/search?searchType=name&query=Lecrae+Telling+the+World,https://musicbrainz.org/search?query=Lecrae+Telling+the+World&type=recording,https://repertoire.bmi.com/search?title=Telling+the+World&searchIn=songview,https://www.youtube.com/results?search_query=Lecrae+Telling+the+World+%28Remix%29,,
Lecrae,Mayday ft. Propaganda,,Gospel/Soul,,UNKNOWN,,https://isrc.soundexchange.com/#/search?searchType=name&query=Lecrae+Mayday,https://musicbrainz.org/search?query=Lecrae+Mayday&type=recording,https://repertoire.bmi.com/search?title=Mayday&searchIn=songview,https://www.youtube.com/results?search_query=Lecrae+Mayday+ft.+Propaganda,,
Lecrae,Can't Stop Me Now (Destination) ft. Trip Lee,,Gospel/Soul,,UNKNOWN,,https://isrc.soundexchange.com/#/search?searchType=name&query=Lecrae+Can%27t+Stop+Me+Now,https://musicbrainz.org/search?query=Lecrae+Can%27t+Stop+Me+Now&type=recording,https://repertoire.bmi.com/search?title=Can%27t+Stop+Me+Now&searchIn=songview,https://www.youtube.com/results?search_query=Lecrae+Can%27t+Stop+Me+Now+%28Destination%29+ft.+Trip+Lee,,
Andy Mineo,Uncomfortable (Remix),,Gospel/Soul,,UNKNOWN,,https://isrc.soundexchange.com/#/search?searchType=name&query=Andy+Mineo+Uncomfortable,https://musicbrainz.org/search?query=Andy+Mineo+Uncomfortable&type=recording,https://repertoire.bmi.com/search?title=Uncomfortable&searchIn=songview,https://www.youtube.com/results?search_query=Andy+Mineo+Uncomfortable+%28Remix%29,,
Andy Mineo,Uno Uno Seis ft. KB,,Gospel/Soul,,UNKNOWN,,https://isrc.soundexchange.com/#/search?searchType=name&query=Andy+Mineo+Uno+Uno+Seis,https://musicbrainz.org/search?query=Andy+Mineo+Uno+Uno+Seis&type=recording,https://repertoire.bmi.com/search?title=Uno+Uno+Seis&searchIn=songview,https://www.youtube.com/results?search_query=Andy+Mineo+Uno+Uno+Seis+ft.+KB,,
Jonathan McReynolds,Cycles (Remix),,Gospel/Soul,,UNKNOWN,,https://isrc.soundexchange.com/#/search?searchType=name&query=Jonathan+McReynolds+Cycles,https://musicbrainz.org/search?query=Jonathan+McReynolds+Cycles&type=recording,https://repertoire.bmi.com/search?title=Cycles&searchIn=songview,https://www.youtube.com/results?search_query=Jonathan+McReynolds+Cycles+%28Remix%29,,
Jonathan McReynolds,Make Room (Remix) ft. Mali Music,,Gospel/Soul,,UNKNOWN,,https://isrc.soundexchange.com/#/search?searchType=name&query=Jonathan+McReynolds+Make+Room,https://musicbrainz.org/search?query=Jonathan+McReynolds+Make+Room&type=recording,https://repertoire.bmi.com/search?title=Make+Room&searchIn=songview,https://www.youtube.com/results?search_query=Jonathan+McReynolds+Make+Room+%28Remix%29+ft.+Mali+Music,,
Jonathan McReynolds,Grace (Remix),,Gospel/Soul,,UNKNOWN,,https://isrc.soundexchange.com/#/search?searchType=name&query=Jonathan+McReynolds+Grace,https://musicbrainz.org/search?query=Jonathan+McReynolds+Grace&type=recording,https://repertoire.bmi.com/search?title=Grace&searchIn=songview,https://www.youtube.com/results?search_query=Jonathan+McReynolds+Grace+%28Remix%29,,
Koryn Hawthorne,Speak the Name ft. Charles Jenkins,,Gospel/Soul,,UNKNOWN,,https://isrc.soundexchange.com/#/search?searchType=name&query=Koryn+Hawthorne+Speak+the+Name,https://musicbrainz.org/search?query=Koryn+Hawthorne+Speak+the+Name&type=recording,https://repertoire.bmi.com/search?title=Speak+the+Name&searchIn=songview,https://www.youtube.com/results?search_query=Koryn+Hawthorne+Speak+the+Name+ft.+Charles+Jenkins,,
Koryn Hawthorne,Unstoppable (Remix),,Gospel/Soul,,UNKNOWN,,https://isrc.soundexchange.com/#/search?searchType=name&query=Koryn+Hawthorne+Unstoppable,https://musicbrainz.org/search?query=Koryn+Hawthorne+Unstoppable&type=recording,https://repertoire.bmi.com/search?title=Unstoppable&searchIn=songview,https://www.youtube.com/results?search_query=Koryn+Hawthorne+Unstoppable+%28Remix%29,,
Kierra Sheard,It Keeps Happening (Remix),,Gospel/Soul,,UNKNOWN,,https://isrc.soundexchange.com/#/search?searchType=name&query=Kierra+Sheard+It+Keeps+Happening,https://musicbrainz.org/search?query=Kierra+Sheard+It+Keeps+Happening&type=recording,https://repertoire.bmi.com/search?title=It+Keeps+Happening&searchIn=songview,https://www.youtube.com/results?search_query=Kierra+Sheard+It+Keeps+Happening+%28Remix%29,,
Kierra Sheard,You Don't Know (Remix) ft. Missy Elliott,,Gospel/Soul,,UNKNOWN,,https://isrc.soundexchange.com/#/search?searchType=name&query=Kierra+Sheard+You+Don%27t+Know,https://musicbrainz.org/search?query=Kierra+Sheard+You+Don%27t+Know&type=recording,https://repertoire.bmi.com/search?title=You+Don%27t+Know&searchIn=songview,https://www.youtube.com/results?search_query=Kierra+Sheard+You+Don%27t+Know+%28Remix%29+ft.+Missy+Elliott,,
Kierra Sheard,Indescribable ft. Tasha Cobbs Leonard,,Gospel/Soul,,UNKNOWN,,https://isrc.soundexchange.com/#/search?searchType=name&query=Kierra+Sheard+Indescribable,https://musicbrainz.org/search?query=Kierra+Sheard+Indescribable&type=recording,https://repertoire.bmi.com/search?title=Indescribable&searchIn=songview,https://www.youtube.com/results?search_query=Kierra+Sheard+Indescribable+ft.+Tasha+Cobbs+Leonard,,
Erica Campbell,I Luh God (Remix) ft. Lecrae,,Gospel/Soul,,UNKNOWN,,https://isrc.soundexchange.com/#/search?searchType=name&query=Erica+Campbell+I+Luh+God,https://musicbrainz.org/search?query=Erica+Campbell+I+Luh+God&type=recording,https://repertoire.bmi.com/search?title=I+Luh+God&searchIn=songview,https://www.youtube.com/results?search_query=Erica+Campbell+I+Luh+God+%28Remix%29+ft.+Lecrae,,
Erica Campbell,Help (Remix),,Gospel/Soul,,UNKNOWN,,https://isrc.soundexchange.com/#/search?searchType=name&query=Erica+Campbell+Help,https://musicbrainz.org/search?query=Erica+Campbell+Help&type=recording,https://repertoire.bmi.com/search?title=Help&searchIn=songview,https://www.youtube.com/results?search_query=Erica+Campbell+Help+%28Remix%29,,
Mary Mary,Go Get It (Remix),,Gospel/Soul,,UNKNOWN,,https://isrc.soundexchange.com/#/search?searchType=name&query=Mary+Mary+Go+Get+It,https://musicbrainz.org/search?query=Mary+Mary+Go+Get+It&type=recording,https://repertoire.bmi.com/search?title=Go+Get+It&searchIn=songview,https://www.youtube.com/results?search_query=Mary+Mary+Go+Get+It+%28Remix%29,,
Tamela Mann,Take Me to the King (Remix),,Gospel/Soul,,UNKNOWN,,https://isrc.soundexchange.com/#/search?searchType=name&query=Tamela+Mann+Take+Me+to+the+King,https://musicbrainz.org/search?query=Tamela+Mann+Take+Me+to+the+King&type=recording,https://repertoire.bmi.com/search?title=Take+Me+to+the+King&searchIn=songview,https://www.youtube.com/results?search_query=Tamela+Mann+Take+Me+to+the+King+%28Remix%29,,
Tamela Mann,Change Me (Remix) ft. Kirk Franklin,,Gospel/Soul,,UNKNOWN,,https://isrc.soundexchange.com/#/search?searchType=name&query=Tamela+Mann+Change+Me,https://musicbrainz.org/search?query=Tamela+Mann+Change+Me&type=recording,https://repertoire.bmi.com/search?title=Change+Me&searchIn=songview,https://www.youtube.com/results?search_query=Tamela+Mann+Change+Me+%28Remix%29+ft.+Kirk+Franklin,,
Tamela Mann,This Place (Remix),,Gospel/Soul,,UNKNOWN,,https://isrc.soundexchange.com/#/search?searchType=name&query=Tamela+Mann+This+Place,https://musicbrainz.org/search?query=Tamela+Mann+This+Place&type=recording,https://repertoire.bmi.com/search?title=This+Place&searchIn=songview,https://www.youtube.com/results?search_query=Tamela+Mann+This+Place+%28Remix%29,,
Le'Andria Johnson,Jesus (Remix),,Gospel/Soul,,UNKNOWN,,https://isrc.soundexchange.com/#/search?searchType=name&query=Le%27Andria+Johnson+Jesus,https://musicbrainz.org/search?query=Le%27Andria+Johnson+Jesus&type=recording,https://repertoire.bmi.com/search?title=Jesus&searchIn=songview,https://www.youtube.com/results?search_query=Le%27Andria+Johnson+Jesus+%28Remix%29,,
Le'Andria Johnson,I Need Your Glory (Remix),,Gospel/Soul,,UNKNOWN,,https://isrc.soundexchange.com/#/search?searchType=name&query=Le%27Andria+Johnson+I+Need+Your+Glory,https://musicbrainz.org/search?query=Le%27Andria+Johnson+I+Need+Your+Glory&type=recording,https://repertoire.bmi.com/search?title=I+Need+Your+Glory&searchIn=songview,https://www.youtube.com/results?search_query=Le%27Andria+Johnson+I+Need+Your+Glory+%28Remix%29,,
Mali Music,Beautiful (Remix),,Gospel/Soul,,UNKNOWN,,https://isrc.soundexchange.com/#/search?searchType=name&query=Mali+Music+Beautiful,https://musicbrainz.org/search?query=Mali+Music+Beautiful&type=recording,https://repertoire.bmi.com/search?title=Beautiful&searchIn=songview,https://www.youtube.com/results?search_query=Mali+Music+Beautiful+%28Remix%29,,
Mali Music,Make Room (Remix) ft. Jonathan McReynolds,,Gospel/Soul,,UNKNOWN,,https://isrc.soundexchange.com/#/search?searchType=name&query=Mali+Music+Make+Room,https://musicbrainz.org/search?query=Mali+Music+Make+Room&type=recording,https://repertoire.bmi.com/search?title=Make+Room&searchIn=songview,https://www.youtube.com/results?search_query=Mali+Music+Make+Room+%28Remix%29+ft.+Jonathan+McReynolds,,
Mali Music,Ready Aim (Remix),,Gospel/Soul,,UNKNOWN,,https://isrc.soundexchange.com/#/search?searchType=name&query=Mali+Music+Ready+Aim,https://musicbrainz.org/search?query=Mali+Music+Ready+Aim&type=recording,https://repertoire.bmi.com/search?title=Ready+Aim&searchIn=songview,https://www.youtube.com/results?search_query=Mali+Music+Ready+Aim+%28Remix%29,,
Travis Greene,Made a Way (Remix),,Gospel/Soul,,UNKNOWN,,https://isrc.soundexchange.com/#/search?searchType=name&query=Travis+Greene+Made+a+Way,https://musicbrainz.org/search?query=Travis+Greene+Made+a+Way&type=recording,https://repertoire.bmi.com/search?title=Made+a+Way&searchIn=songview,https://www.youtube.com/results?search_query=Travis+Greene+Made+a+Way+%28Remix%29,,
Travis Greene,Intentional (Remix),,Gospel/Soul,,UNKNOWN,,https://isrc.soundexchange.com/#/search?searchType=name&query=Travis+Greene+Intentional,https://musicbrainz.org/search?query=Travis+Greene+Intentional&type=recording,https://repertoire.bmi.com/search?title=Intentional&searchIn=songview,https://www.youtube.com/results?search_query=Travis+Greene+Intentional+%28Remix%29,,
Travis Greene,You Waited (Remix),,Gospel/Soul,,UNKNOWN,,https://isrc.soundexchange.com/#/search?searchType=name&query=Travis+Greene+You+Waited,https://musicbrainz.org/search?query=Travis+Greene+You+Waited&type=recording,https://repertoire.bmi.com/search?title=You+Waited&searchIn=songview,https://www.youtube.com/results?search_query=Travis+Greene+You+Waited+%28Remix%29,,
Travis Greene,While I'm Waiting (Remix),,Gospel/Soul,,UNKNOWN,,https://isrc.soundexchange.com/#/search?searchType=name&query=Travis+Greene+While+I%27m+Waiting,https://musicbrainz.org/search?query=Travis+Greene+While+I%27m+Waiting&type=recording,https://repertoire.bmi.com/search?title=While+I%27m+Waiting&searchIn=songview,https://www.youtube.com/results?search_query=Travis+Greene+While+I%27m+Waiting+%28Remix%29,,
Brandon Lake,Gratitude (Remix),,Gospel/Soul,,UNKNOWN,,https://isrc.soundexchange.com/#/search?searchType=name&query=Brandon+Lake+Gratitude,https://musicbrainz.org/search?query=Brandon+Lake+Gratitude&type=recording,https://repertoire.bmi.com/search?title=Gratitude&searchIn=songview,https://www.youtube.com/results?search_query=Brandon+Lake+Gratitude+%28Remix%29,,
Brandon Lake,Hard Fought Hallelujah (Remix),,Gospel/Soul,,UNKNOWN,,https://isrc.soundexchange.com/#/search?searchType=name&query=Brandon+Lake+Hard+Fought+Hallelujah,https://musicbrainz.org/search?query=Brandon+Lake+Hard+Fought+Hallelujah&type=recording,https://repertoire.bmi.com/search?title=Hard+Fought+Hallelujah&searchIn=songview,https://www.youtube.com/results?search_query=Brandon+Lake+Hard+Fought+Hallelujah+%28Remix%29,,
Brandon Lake,Talking to Jesus (Remix),,Gospel/Soul,,UNKNOWN,,https://isrc.soundexchange.com/#/search?searchType=name&query=Brandon+Lake+Talking+to+Jesus,https://musicbrainz.org/search?query=Brandon+Lake+Talking+to+Jesus&type=recording,https://repertoire.bmi.com/search?title=Talking+to+Jesus&searchIn=songview,https://www.youtube.com/results?search_query=Brandon+Lake+Talking+to+Jesus+%28Remix%29,,
Chandler Moore,Available (Remix),,Gospel/Soul,,UNKNOWN,,https://isrc.soundexchange.com/#/search?searchType=name&query=Chandler+Moore+Available,https://musicbrainz.org/search?query=Chandler+Moore+Available&type=recording,https://repertoire.bmi.com/search?title=Available&searchIn=songview,https://www.youtube.com/results?search_query=Chandler+Moore+Available+%28Remix%29,,
Chandler Moore,Jireh (Remix) ft. Maverick City,,Gospel/Soul,,UNKNOWN,,https://isrc.soundexchange.com/#/search?searchType=name&query=Chandler+Moore+Jireh,https://musicbrainz.org/search?query=Chandler+Moore+Jireh&type=recording,https://repertoire.bmi.com/search?title=Jireh&searchIn=songview,https://www.youtube.com/results?search_query=Chandler+Moore+Jireh+%28Remix%29+ft.+Maverick+City,,
Naomi Raine,Promises (Remix) ft. Maverick City,,Gospel/Soul,,UNKNOWN,,https://isrc.soundexchange.com/#/search?searchType=name&query=Naomi+Raine+Promises,https://musicbrainz.org/search?query=Naomi+Raine+Promises&type=recording,https://repertoire.bmi.com/search?title=Promises&searchIn=songview,https://www.youtube.com/results?search_query=Naomi+Raine+Promises+%28Remix%29+ft.+Maverick+City,,
Naomi Raine,You're Gonna Be Okay (Remix),,Gospel/Soul,,UNKNOWN,,https://isrc.soundexchange.com/#/search?searchType=name&query=Naomi+Raine+You%27re+Gonna+Be+Okay,https://musicbrainz.org/search?query=Naomi+Raine+You%27re+Gonna+Be+Okay&type=recording,https://repertoire.bmi.com/search?title=You%27re+Gonna+Be+Okay&searchIn=songview,https://www.youtube.com/results?search_query=Naomi+Raine+You%27re+Gonna+Be+Okay+%28Remix%29,,
Cece Winans,Goodness of God (Remix),,Gospel/Soul,,UNKNOWN,,https://isrc.soundexchange.com/#/search?searchType=name&query=Cece+Winans+Goodness+of+God,https://musicbrainz.org/search?query=Cece+Winans+Goodness+of+God&type=recording,https://repertoire.bmi.com/search?title=Goodness+of+God&searchIn=songview,https://www.youtube.com/results?search_query=Cece+Winans+Goodness+of+God+%28Remix%29,,
Cece Winans,Never Lost (Remix),,Gospel/Soul,,UNKNOWN,,https://isrc.soundexchange.com/#/search?searchType=name&query=Cece+Winans+Never+Lost,https://musicbrainz.org/search?query=Cece+Winans+Never+Lost&type=recording,https://repertoire.bmi.com/search?title=Never+Lost&searchIn=songview,https://www.youtube.com/results?search_query=Cece+Winans+Never+Lost+%28Remix%29,,
Cece Winans,Believe for It (Remix),,Gospel/Soul,,UNKNOWN,,https://isrc.soundexchange.com/#/search?searchType=name&query=Cece+Winans+Believe+for+It,https://musicbrainz.org/search?query=Cece+Winans+Believe+for+It&type=recording,https://repertoire.bmi.com/search?title=Believe+for+It&searchIn=songview,https://www.youtube.com/results?search_query=Cece+Winans+Believe+for+It+%28Remix%29,,
Deitrick Haddon,Well Done (Remix),,Gospel/Soul,,UNKNOWN,,https://isrc.soundexchange.com/#/search?searchType=name&query=Deitrick+Haddon+Well+Done,https://musicbrainz.org/search?query=Deitrick+Haddon+Well+Done&type=recording,https://repertoire.bmi.com/search?title=Well+Done&searchIn=songview,https://www.youtube.com/results?search_query=Deitrick+Haddon+Well+Done+%28Remix%29,,
Deitrick Haddon,Sinner's Prayer (Remix),,Gospel/Soul,,UNKNOWN,,https://isrc.soundexchange.com/#/search?searchType=name&query=Deitrick+Haddon+Sinner%27s+Prayer,https://musicbrainz.org/search?query=Deitrick+Haddon+Sinner%27s+Prayer&type=recording,https://repertoire.bmi.com/search?title=Sinner%27s+Prayer&searchIn=songview,https://www.youtube.com/results?search_query=Deitrick+Haddon+Sinner%27s+Prayer+%28Remix%29,,
William McDowell,Withholding Nothing (Remix),,Gospel/Soul,,UNKNOWN,,https://isrc.soundexchange.com/#/search?searchType=name&query=William+McDowell+Withholding+Nothing,https://musicbrainz.org/search?query=William+McDowell+Withholding+Nothing&type=recording,https://repertoire.bmi.com/search?title=Withholding+Nothing&searchIn=songview,https://www.youtube.com/results?search_query=William+McDowell+Withholding+Nothing+%28Remix%29,,
William McDowell,Sounds of Heaven (Remix),,Gospel/Soul,,UNKNOWN,,https://isrc.soundexchange.com/#/search?searchType=name&query=William+McDowell+Sounds+of+Heaven,https://musicbrainz.org/search?query=William+McDowell+Sounds+of+Heaven&type=recording,https://repertoire.bmi.com/search?title=Sounds+of+Heaven&searchIn=songview,https://www.youtube.com/results?search_query=William+McDowell+Sounds+of+Heaven+%28Remix%29,,
Hezekiah Walker,Every Praise (Remix),,Gospel/Soul,,UNKNOWN,,https://isrc.soundexchange.com/#/search?searchType=name&query=Hezekiah+Walker+Every+Praise,https://musicbrainz.org/search?query=Hezekiah+Walker+Every+Praise&type=recording,https://repertoire.bmi.com/search?title=Every+Praise&searchIn=songview,https://www.youtube.com/results?search_query=Hezekiah+Walker+Every+Praise+%28Remix%29,,
Hezekiah Walker,Better (Remix) ft. Donald Lawrence,,Gospel/Soul,,UNKNOWN,,https://isrc.soundexchange.com/#/search?searchType=name&query=Hezekiah+Walker+Better,https://musicbrainz.org/search?query=Hezekiah+Walker+Better&type=recording,https://repertoire.bmi.com/search?title=Better&searchIn=songview,https://www.youtube.com/results?search_query=Hezekiah+Walker+Better+%28Remix%29+ft.+Donald+Lawrence,,
Fred Hammond,Glorious (Remix),,Gospel/Soul,,UNKNOWN,,https://isrc.soundexchange.com/#/search?searchType=name&query=Fred+Hammond+Glorious,https://musicbrainz.org/search?query=Fred+Hammond+Glorious&type=recording,https://repertoire.bmi.com/search?title=Glorious&searchIn=songview,https://www.youtube.com/results?search_query=Fred+Hammond+Glorious+%28Remix%29,,
Donald Lawrence,Encourage Yourself (Remix),,Gospel/Soul,,UNKNOWN,,https://isrc.soundexchange.com/#/search?searchType=name&query=Donald+Lawrence+Encourage+Yourself,https://musicbrainz.org/search?query=Donald+Lawrence+Encourage+Yourself&type=recording,https://repertoire.bmi.com/search?title=Encourage+Yourself&searchIn=songview,https://www.youtube.com/results?search_query=Donald+Lawrence+Encourage+Yourself+%28Remix%29,,
Donald Lawrence,I Am God (Remix) ft. Le'Andria Johnson,,Gospel/Soul,,UNKNOWN,,https://isrc.soundexchange.com/#/search?searchType=name&query=Donald+Lawrence+I+Am+God,https://musicbrainz.org/search?query=Donald+Lawrence+I+Am+God&type=recording,https://repertoire.bmi.com/search?title=I+Am+God&searchIn=songview,https://www.youtube.com/results?search_query=Donald+Lawrence+I+Am+God+%28Remix%29+ft.+Le%27Andria+Johnson,,
Jekalyn Carr,You're Bigger (Remix),,Gospel/Soul,,UNKNOWN,,https://isrc.soundexchange.com/#/search?searchType=name&query=Jekalyn+Carr+You%27re+Bigger,https://musicbrainz.org/search?query=Jekalyn+Carr+You%27re+Bigger&type=recording,https://repertoire.bmi.com/search?title=You%27re+Bigger&searchIn=songview,https://www.youtube.com/results?search_query=Jekalyn+Carr+You%27re+Bigger+%28Remix%29,,
Jekalyn Carr,Greater Is Coming (Remix),,Gospel/Soul,,UNKNOWN,,https://isrc.soundexchange.com/#/search?searchType=name&query=Jekalyn+Carr+Greater+Is+Coming,https://musicbrainz.org/search?query=Jekalyn+Carr+Greater+Is+Coming&type=recording,https://repertoire.bmi.com/search?title=Greater+Is+Coming&searchIn=songview,https://www.youtube.com/results?search_query=Jekalyn+Carr+Greater+Is+Coming+%28Remix%29,,
Jekalyn Carr,One Nation Under God (Remix),,Gospel/Soul,,UNKNOWN,,https://isrc.soundexchange.com/#/search?searchType=name&query=Jekalyn+Carr+One+Nation+Under+God,https://musicbrainz.org/search?query=Jekalyn+Carr+One+Nation+Under+God&type=recording,https://repertoire.bmi.com/search?title=One+Nation+Under+God&searchIn=songview,https://www.youtube.com/results?search_query=Jekalyn+Carr+One+Nation+Under+God+%28Remix%29,,
